,index,IFFO1,CD9,PI3,CP,DENND2D_1
0,0,0.5510234157757671,0.2855253457345721,0.62742643472951,0.9081087763522241,0.639367865282119
1,1,0.52467552373074,0.23794693862379301,0.5728364011545279,0.898849667070771,0.511315824977947
2,2,0.4907754343503979,0.275951971812931,0.59564449222978,0.90362371815024,0.596445381377612
3,3,0.5443381505765721,0.34801657750966897,0.558250093325833,0.90819682777152,0.496465587320887
4,4,0.991299014253368,0.0478302318490412,0.5927222664336701,0.466700973740822,0.50408244271436
